channel,period,spend,outreach_volume
Referral,2024-01-01,32.49,181
Content/Webinar,2024-01-01,664.25,135
Organic/SEO,2024-01-01,317.31,104
Email,2024-01-01,120.3,479
LinkedIn Ads,2024-01-01,2272.74,11206
Google Ads,2024-01-01,3614.07,12431
Cold Outbound,2024-01-01,2222.85,10814
Referral,2024-01-08,43.47,170
Content/Webinar,2024-01-08,599.04,95
Organic/SEO,2024-01-08,264.74,131
Email,2024-01-08,143.18,432
LinkedIn Ads,2024-01-08,2983.0,10305
Google Ads,2024-01-08,2953.73,12269
Cold Outbound,2024-01-08,2499.1,8654
Referral,2024-01-15,41.24,137
Content/Webinar,2024-01-15,687.62,137
Organic/SEO,2024-01-15,178.75,123
Email,2024-01-15,147.41,521
LinkedIn Ads,2024-01-15,1908.65,11220
Google Ads,2024-01-15,4540.43,21091
Cold Outbound,2024-01-15,1763.3,6075
Referral,2024-01-22,26.27,162
Content/Webinar,2024-01-22,436.45,107
Organic/SEO,2024-01-22,246.98,204
Email,2024-01-22,81.39,349
LinkedIn Ads,2024-01-22,2186.77,10372
Google Ads,2024-01-22,6253.15,23942
Cold Outbound,2024-01-22,2015.74,8392
Referral,2024-01-29,47.98,160
Content/Webinar,2024-01-29,362.18,148
Organic/SEO,2024-01-29,336.06,115
Email,2024-01-29,168.3,941
LinkedIn Ads,2024-01-29,2246.78,7464
Google Ads,2024-01-29,4303.27,13572
Cold Outbound,2024-01-29,1229.94,6064
Referral,2024-02-05,68.56,147
Content/Webinar,2024-02-05,530.45,72
Organic/SEO,2024-02-05,309.92,122
Email,2024-02-05,124.73,412
LinkedIn Ads,2024-02-05,1299.2,7647
Google Ads,2024-02-05,4708.19,18168
Cold Outbound,2024-02-05,1592.48,6676
Referral,2024-02-12,55.12,111
Content/Webinar,2024-02-12,511.25,151
Organic/SEO,2024-02-12,313.37,169
Email,2024-02-12,126.67,439
LinkedIn Ads,2024-02-12,2675.17,14208
Google Ads,2024-02-12,4407.45,24946
Cold Outbound,2024-02-12,1553.05,8697
Referral,2024-02-19,44.04,168
Content/Webinar,2024-02-19,466.63,146
Organic/SEO,2024-02-19,284.69,221
Email,2024-02-19,178.91,905
LinkedIn Ads,2024-02-19,2660.02,12831
Google Ads,2024-02-19,5739.08,17474
Cold Outbound,2024-02-19,1782.13,10371
Referral,2024-02-26,41.97,79
Content/Webinar,2024-02-26,562.77,126
Organic/SEO,2024-02-26,268.13,94
Email,2024-02-26,178.14,1036
LinkedIn Ads,2024-02-26,3044.89,14629
Google Ads,2024-02-26,4640.59,20262
Cold Outbound,2024-02-26,1904.52,10848
Referral,2024-03-04,44.44,175
Content/Webinar,2024-03-04,1213.19,196
Organic/SEO,2024-03-04,319.71,169
Email,2024-03-04,168.99,961
LinkedIn Ads,2024-03-04,2578.24,9741
Google Ads,2024-03-04,3589.64,16670
Cold Outbound,2024-03-04,2046.13,6269
Referral,2024-03-11,56.2,188
Content/Webinar,2024-03-11,592.23,132
Organic/SEO,2024-03-11,243.25,139
Email,2024-03-11,211.4,814
LinkedIn Ads,2024-03-11,2379.73,9150
Google Ads,2024-03-11,4130.79,16354
Cold Outbound,2024-03-11,1840.11,9379
Referral,2024-03-18,75.47,145
Content/Webinar,2024-03-18,593.32,142
Organic/SEO,2024-03-18,329.69,209
Email,2024-03-18,108.41,417
LinkedIn Ads,2024-03-18,1415.61,7392
Google Ads,2024-03-18,4402.68,14815
Cold Outbound,2024-03-18,1289.69,4785
Referral,2024-03-25,16.71,161
Content/Webinar,2024-03-25,535.72,142
Organic/SEO,2024-03-25,246.09,111
Email,2024-03-25,130.5,425
LinkedIn Ads,2024-03-25,2053.71,11026
Google Ads,2024-03-25,4281.98,22427
Cold Outbound,2024-03-25,1965.98,7697
Referral,2024-04-01,30.93,188
Content/Webinar,2024-04-01,477.99,170
Organic/SEO,2024-04-01,302.49,131
Email,2024-04-01,167.18,662
LinkedIn Ads,2024-04-01,2512.76,10492
Google Ads,2024-04-01,5959.33,33039
Cold Outbound,2024-04-01,1355.12,5204
Referral,2024-04-08,78.39,187
Content/Webinar,2024-04-08,342.56,132
Organic/SEO,2024-04-08,194.09,148
Email,2024-04-08,186.07,665
LinkedIn Ads,2024-04-08,2334.0,13731
Google Ads,2024-04-08,4414.14,19718
Cold Outbound,2024-04-08,2738.92,8839
Referral,2024-04-15,81.78,159
Content/Webinar,2024-04-15,723.04,157
Organic/SEO,2024-04-15,412.34,163
Email,2024-04-15,124.05,721
LinkedIn Ads,2024-04-15,2763.39,9326
Google Ads,2024-04-15,2633.33,12003
Cold Outbound,2024-04-15,1839.22,7614
Referral,2024-04-22,40.09,202
Content/Webinar,2024-04-22,244.05,153
Organic/SEO,2024-04-22,308.64,233
Email,2024-04-22,149.42,628
LinkedIn Ads,2024-04-22,2262.51,7670
Google Ads,2024-04-22,6086.66,20354
Cold Outbound,2024-04-22,1533.12,6565
Referral,2024-04-29,55.14,138
Content/Webinar,2024-04-29,589.42,186
Organic/SEO,2024-04-29,338.81,121
Email,2024-04-29,159.51,483
LinkedIn Ads,2024-04-29,2435.21,8366
Google Ads,2024-04-29,3412.52,10569
Cold Outbound,2024-04-29,2019.45,11356
Referral,2024-05-06,46.16,97
Content/Webinar,2024-05-06,589.44,140
Organic/SEO,2024-05-06,268.3,88
Email,2024-05-06,107.35,411
LinkedIn Ads,2024-05-06,1950.13,8437
Google Ads,2024-05-06,5787.36,30202
Cold Outbound,2024-05-06,1777.43,9937
Referral,2024-05-13,57.93,66
Content/Webinar,2024-05-13,397.47,166
Organic/SEO,2024-05-13,189.3,138
Email,2024-05-13,90.65,273
LinkedIn Ads,2024-05-13,2761.62,13081
Google Ads,2024-05-13,4482.53,24598
Cold Outbound,2024-05-13,1501.68,6613
Referral,2024-05-20,65.72,93
Content/Webinar,2024-05-20,550.22,166
Organic/SEO,2024-05-20,372.78,167
Email,2024-05-20,147.09,521
LinkedIn Ads,2024-05-20,2662.66,10588
Google Ads,2024-05-20,3733.02,20691
Cold Outbound,2024-05-20,1944.1,8121
Referral,2024-05-27,61.97,146
Content/Webinar,2024-05-27,384.35,160
Organic/SEO,2024-05-27,298.54,115
Email,2024-05-27,106.44,599
LinkedIn Ads,2024-05-27,1521.1,7479
Google Ads,2024-05-27,4262.36,19396
Cold Outbound,2024-05-27,1961.06,11196
Referral,2024-06-03,35.77,184
Content/Webinar,2024-06-03,567.09,220
Organic/SEO,2024-06-03,253.17,85
Email,2024-06-03,183.35,979
LinkedIn Ads,2024-06-03,2800.83,16257
Google Ads,2024-06-03,6606.01,22559
Cold Outbound,2024-06-03,2218.52,12682
Referral,2024-06-10,59.84,177
Content/Webinar,2024-06-10,724.88,181
Organic/SEO,2024-06-10,41.06,147
Email,2024-06-10,127.0,391
LinkedIn Ads,2024-06-10,2058.3,8214
Google Ads,2024-06-10,4682.32,19738
Cold Outbound,2024-06-10,1212.69,6652
Referral,2024-06-17,37.05,144
Content/Webinar,2024-06-17,920.83,125
Organic/SEO,2024-06-17,277.95,159
Email,2024-06-17,85.76,411
LinkedIn Ads,2024-06-17,1959.19,8227
Google Ads,2024-06-17,4620.8,23610
Cold Outbound,2024-06-17,1973.59,11010
Referral,2024-06-24,48.59,164
Content/Webinar,2024-06-24,649.27,143
Organic/SEO,2024-06-24,247.17,142
Email,2024-06-24,199.36,776
LinkedIn Ads,2024-06-24,2689.06,15689
Google Ads,2024-06-24,2937.7,11100
Cold Outbound,2024-06-24,1408.9,6614
Referral,2024-07-01,65.84,168
Content/Webinar,2024-07-01,639.52,106
Organic/SEO,2024-07-01,316.84,97
Email,2024-07-01,153.09,824
LinkedIn Ads,2024-07-01,2725.4,14575
Google Ads,2024-07-01,4708.12,20860
Cold Outbound,2024-07-01,1978.71,6046
Referral,2024-07-08,52.11,162
Content/Webinar,2024-07-08,465.54,166
Organic/SEO,2024-07-08,369.11,165
Email,2024-07-08,135.83,419
LinkedIn Ads,2024-07-08,2018.12,6571
Google Ads,2024-07-08,4337.47,21269
Cold Outbound,2024-07-08,1324.93,4854
Referral,2024-07-15,88.71,121
Content/Webinar,2024-07-15,717.93,208
Organic/SEO,2024-07-15,223.39,63
Email,2024-07-15,210.67,711
LinkedIn Ads,2024-07-15,1940.25,10937
Google Ads,2024-07-15,4167.83,20282
Cold Outbound,2024-07-15,1587.72,5027
Referral,2024-07-22,75.84,201
Content/Webinar,2024-07-22,764.4,132
Organic/SEO,2024-07-22,287.83,63
Email,2024-07-22,147.02,828
LinkedIn Ads,2024-07-22,2570.86,9360
Google Ads,2024-07-22,5140.18,16952
Cold Outbound,2024-07-22,1793.01,8662
Referral,2024-07-29,50.22,195
Content/Webinar,2024-07-29,720.67,165
Organic/SEO,2024-07-29,176.74,193
Email,2024-07-29,165.13,541
LinkedIn Ads,2024-07-29,2356.77,7392
Google Ads,2024-07-29,5670.59,24218
Cold Outbound,2024-07-29,1987.06,10793
Referral,2024-08-05,61.53,160
Content/Webinar,2024-08-05,505.35,153
Organic/SEO,2024-08-05,254.5,134
Email,2024-08-05,164.19,758
LinkedIn Ads,2024-08-05,1239.76,6270
Google Ads,2024-08-05,4227.0,21366
Cold Outbound,2024-08-05,1349.14,7097
Referral,2024-08-12,39.54,200
Content/Webinar,2024-08-12,337.59,111
Organic/SEO,2024-08-12,217.47,160
Email,2024-08-12,196.93,985
LinkedIn Ads,2024-08-12,1652.68,8199
Google Ads,2024-08-12,3771.74,14751
Cold Outbound,2024-08-12,1620.17,8383
Referral,2024-08-19,61.69,200
Content/Webinar,2024-08-19,573.2,154
Organic/SEO,2024-08-19,179.5,67
Email,2024-08-19,76.04,314
LinkedIn Ads,2024-08-19,2046.03,10900
Google Ads,2024-08-19,4322.11,23333
Cold Outbound,2024-08-19,2148.91,7433
Referral,2024-08-26,29.93,73
Content/Webinar,2024-08-26,815.04,112
Organic/SEO,2024-08-26,180.29,155
Email,2024-08-26,90.5,377
LinkedIn Ads,2024-08-26,2031.84,6515
Google Ads,2024-08-26,5253.03,27271
Cold Outbound,2024-08-26,1882.5,7631
Referral,2024-09-02,29.26,128
Content/Webinar,2024-09-02,899.14,140
Organic/SEO,2024-09-02,312.88,210
Email,2024-09-02,160.18,857
LinkedIn Ads,2024-09-02,2565.08,12861
Google Ads,2024-09-02,4760.21,25413
Cold Outbound,2024-09-02,1602.28,6147
Referral,2024-09-09,82.0,124
Content/Webinar,2024-09-09,797.53,126
Organic/SEO,2024-09-09,444.17,115
Email,2024-09-09,134.25,694
LinkedIn Ads,2024-09-09,2976.12,11010
Google Ads,2024-09-09,3526.34,17289
Cold Outbound,2024-09-09,1800.5,9935
Referral,2024-09-16,63.94,118
Content/Webinar,2024-09-16,406.41,85
Organic/SEO,2024-09-16,436.98,129
Email,2024-09-16,130.42,552
LinkedIn Ads,2024-09-16,2883.96,17003
Google Ads,2024-09-16,3416.28,12129
Cold Outbound,2024-09-16,1791.37,7954
Referral,2024-09-23,36.49,211
Content/Webinar,2024-09-23,499.68,109
Organic/SEO,2024-09-23,211.7,119
Email,2024-09-23,103.26,484
LinkedIn Ads,2024-09-23,1699.58,8991
Google Ads,2024-09-23,3573.41,12034
Cold Outbound,2024-09-23,2242.61,10551
Referral,2024-09-30,75.38,91
Content/Webinar,2024-09-30,400.11,229
Organic/SEO,2024-09-30,279.65,95
Email,2024-09-30,193.29,655
LinkedIn Ads,2024-09-30,2484.75,14873
Google Ads,2024-09-30,4206.35,20085
Cold Outbound,2024-09-30,1543.86,6117
Referral,2024-10-07,23.66,145
Content/Webinar,2024-10-07,846.74,103
Organic/SEO,2024-10-07,321.72,173
Email,2024-10-07,153.66,528
LinkedIn Ads,2024-10-07,1761.84,9337
Google Ads,2024-10-07,4407.61,24588
Cold Outbound,2024-10-07,2239.94,7226
Referral,2024-10-14,21.79,126
Content/Webinar,2024-10-14,466.09,139
Organic/SEO,2024-10-14,200.6,167
Email,2024-10-14,205.24,1009
LinkedIn Ads,2024-10-14,1477.86,7897
Google Ads,2024-10-14,4699.15,26365
Cold Outbound,2024-10-14,1306.89,5315
Referral,2024-10-21,52.31,236
Content/Webinar,2024-10-21,410.85,182
Organic/SEO,2024-10-21,254.89,97
Email,2024-10-21,212.57,698
LinkedIn Ads,2024-10-21,2405.93,13023
Google Ads,2024-10-21,4556.04,24002
Cold Outbound,2024-10-21,1936.03,7122
Referral,2024-10-28,83.27,129
Content/Webinar,2024-10-28,619.11,146
Organic/SEO,2024-10-28,381.92,246
Email,2024-10-28,192.34,636
LinkedIn Ads,2024-10-28,2653.94,15597
Google Ads,2024-10-28,6673.0,34845
Cold Outbound,2024-10-28,2039.84,7591
Referral,2024-11-04,69.03,172
Content/Webinar,2024-11-04,517.98,43
Organic/SEO,2024-11-04,298.85,158
Email,2024-11-04,147.48,574
LinkedIn Ads,2024-11-04,1751.61,5924
Google Ads,2024-11-04,3778.31,14935
Cold Outbound,2024-11-04,1768.52,10370
Referral,2024-11-11,53.53,166
Content/Webinar,2024-11-11,842.7,187
Organic/SEO,2024-11-11,228.1,207
Email,2024-11-11,94.56,390
LinkedIn Ads,2024-11-11,2577.03,13120
Google Ads,2024-11-11,6200.01,26700
Cold Outbound,2024-11-11,1745.35,7342
Referral,2024-11-18,54.49,121
Content/Webinar,2024-11-18,582.66,221
Organic/SEO,2024-11-18,351.69,232
Email,2024-11-18,106.7,584
LinkedIn Ads,2024-11-18,2407.63,13125
Google Ads,2024-11-18,4394.89,21287
Cold Outbound,2024-11-18,2117.18,11093
Referral,2024-11-25,65.07,192
Content/Webinar,2024-11-25,644.42,76
Organic/SEO,2024-11-25,277.85,167
Email,2024-11-25,115.37,368
LinkedIn Ads,2024-11-25,2564.8,14523
Google Ads,2024-11-25,4515.7,17194
Cold Outbound,2024-11-25,1798.38,8552
Referral,2024-12-02,41.4,152
Content/Webinar,2024-12-02,812.79,177
Organic/SEO,2024-12-02,417.79,93
Email,2024-12-02,135.75,812
LinkedIn Ads,2024-12-02,1828.52,5900
Google Ads,2024-12-02,4255.42,14057
Cold Outbound,2024-12-02,1531.39,8855
Referral,2024-12-09,57.84,72
Content/Webinar,2024-12-09,597.65,127
Organic/SEO,2024-12-09,354.24,219
Email,2024-12-09,136.22,736
LinkedIn Ads,2024-12-09,3458.91,18667
Google Ads,2024-12-09,3291.3,15792
Cold Outbound,2024-12-09,1779.75,7081
Referral,2024-12-16,94.63,93
Content/Webinar,2024-12-16,570.68,100
Organic/SEO,2024-12-16,326.81,127
Email,2024-12-16,103.08,556
LinkedIn Ads,2024-12-16,2205.16,11156
Google Ads,2024-12-16,3428.67,17427
Cold Outbound,2024-12-16,1131.69,3463
Referral,2024-12-23,76.79,176
Content/Webinar,2024-12-23,506.5,160
Organic/SEO,2024-12-23,199.87,155
Email,2024-12-23,136.93,809
LinkedIn Ads,2024-12-23,2511.86,14038
Google Ads,2024-12-23,3432.77,11100
Cold Outbound,2024-12-23,1598.08,6910
